path,mtime
lib/cml/cml_v1.0.0.sh,20251110T2320
lib/cml/src/cml_palette_v0.2.0.sh,20251111T0210
lib/cml/src/cml_palette_v0.3.0.sh,20251111T0218
lib/cml/src/palette_loader_v0.1.0.sh,20251111T0208
lib/cml/tests/palette_edgecases_test_v0.1.0.sh,20251111T0229
lib/cml/tests/palette_merge_test_v0.1.0.sh,20251111T0220
lib/cml/themes/base_v1.0.0.yaml,20251111T0226
lib/cml/themes/override_v1.0.0.yaml,20251111T0226
lib/cml/themes/theme-dark_v1.0.0.yaml,20251111T0018
lib/cml/themes/theme-default_v1.0.0.yaml,20251111T0018
lib/cml/themes/theme-default_v1.0.1.yaml,20251111T0000
lib/csml/csml_v1.0.0.sh,20251110T2320
lib/dbml/dbml_v1.0.0.sh,20251110T2320
lib/dbml/presets/box-double_v1.0.0.conf,20251111T0226
lib/dbml/presets/box-thick_v1.0.0.conf,20251111T0018
lib/dbml/presets/box-thin_v1.0.0.conf,20251111T0018
lib/dbml/presets/box-thin_v1.0.1.conf,20251111T0000
lib/dbml/presets/box-wide_v1.0.0.conf,20251111T0226
lib/dbml/src/box_preset_v0.2.0.sh,20251111T0220
lib/dbml/src/box_preset_v0.3.0.sh,20251111T0226
lib/dbml/src/box_renderer_v0.1.0.sh,20251111T0208
lib/dbml/tests/wrap_align_test_v0.1.0.sh,20251111T0229
lib/pml/pml-helper_v1.0.0.sh,20251110T2355
lib/pml/pml_v1.0.0.sh,20251110T2320
lib/pml/wrappers/dl-wrapper_v1.0.0.sh,20251111T0006
lib/pml/wrappers/job-runner_v1.0.0.sh,20251111T0006
lib/python-helpers/json-tool_v1_0_0.py,20251111T0006
lib/python-helpers/json-tool_v1_0_1.py,20251111T0000
lib/python-helpers/manifest-gen_v1_0_0.py,20251111T0006
lib/python-helpers/manifest-gen_v1_0_1.py,20251111T0046
